,Bratislava,Košice,Prešov,Nitra,Žilina,Banská Bystrica,Trnava,Martin,Trenčín,Poprad,Prievidza,Zvolen,Považská Bystrica,Nové Zámky,Michalovce,Spišská Nová Ves,Levice,Komárno,Humenné,Liptovský Mikuláš,Bardejov,Ružomberok,Piešťany,Lučenec,Dubnica nad Váhom,Rimavská Sobota,Čadca,Šaľa,Partizánske,Hlohovec,Dunajská Streda,Vranov nad Topľou,Trebišov,Snina,Senica,Nové Mesto nad Váhom,Kežmarok,Pezinok,Brezno,Žiar nad Hronom,Rožňava,Dolný Kubín,Bánovce nad Bebravou,Púchov,Handlová,Malacky,Kysucké Nové Mesto,Galanta,Stará Ľubovňa,Zlaté Moravce,Detva,Skalica,Senec,Levoča,Revúca,Myjava,Veľký Krtíš,Svidník,Nová Dubnica,Sabinov,Šamorín,Štúrovo,Holič,Bytča,Stropkov,Kolárovo,Šurany,Stará Turá,Fiľakovo,Banská Štiavnica,Tvrdošín,Moldava nad Bodvou,Vráble,Veľký Meder,Krompachy,Modra,Hriňová,Hurbanovo,Námestovo,Stupava,Šahy,Chlmec,Krupina,Turzovka,Sečovce,Sliač,Spišská Belá,Svätý Jur,Medzilaborce,Vysoké Tatry,Velké Kapušany,Gelnica,Tlmače,Rajec,Topoľčany,Žarnovica,Turčianske Teplice,Buďkovce,Vrbové,Spišské Podhradie,Vrútky,Zborov,Nová Baňa,Dunajská Lužná,Nesvady,Komjatice,Smolenice,Veľký Biel,Rakovice,Kostolné,Limbach,Rusovce,Veľká Lomnica,Kysak,Lemešany,Valča,Radošina,Dunajov,Plešivec,Rimavská Seč,Hontianske Nemce,Čierna nad Tisou,Brusno,Rohovce,Bošany,Chocholná,Jasenica,Brezovička,Lozorno,Oravská Polhora,Vištuk,Zemianske Kostoľany,Veľké Leváre,Liptovské Revúce,Torňaľa,Chorvátsky Grob,Makov,Klátova Nová Ves,Holumnica
Bratislava,0,313,318,74,169,165,43,168,108,256,132,158,146,80,361,270,111,87,365,211,331,192,72,190,120,217,189,57,110,60,40,348,346,383,62,85,267,19,201,138,260,200,105,140,138,33,177,46,293,99,171,78,23,260,230,77,166,352,119,312,20,119,73,159,354,69,80,81,202,136,223,291,90,58,290,25,185,86,223,15,137,365,147,178,342,159,272,14,374,253,371,293,108,153,90,125,152,358,69,284,171,332,117,12,77,73,46,20,64,102,23,11,262,309,319,170,75,183,248,222,137,370,183,28,95,100,137,311,19,230,31,114,35,177,240,15,168,97,264
Košice,313,0,31,238,192,154,273,175,236,80,193,155,211,243,48,57,204,255,53,127,64,148,253,125,227,98,198,257,210,256,281,37,35,72,286,252,77,298,119,177,53,154,221,220,183,314,192,267,77,214,142,296,290,72,84,271,152,69,229,44,302,220,301,206,61,258,238,262,116,177,142,23,224,275,35,293,128,246,151,317,184,53,166,207,30,156,79,302,77,90,63,28,205,196,228,188,176,45,260,49,177,67,195,303,250,244,283,293,260,222,298,310,79,14,15,178,243,194,64,95,176,68,138,291,224,248,228,35,316,152,288,205,314,154,76,298,217,222,79
Prešov,318,31,0,244,183,155,277,169,233,68,192,160,204,253,56,49,212,267,50,119,32,140,254,137,223,112,185,264,211,260,289,35,53,67,285,251,61,302,118,180,62,143,221,213,183,316,182,273,51,219,147,293,295,97,89,269,164,42,225,14,309,234,299,197,37,268,247,261,131,182,128,47,231,285,28,297,133,257,135,320,197,52,174,195,47,159,61,307,57,76,79,27,212,189,231,193,173,53,260,36,169,35,201,309,261,252,284,298,262,222,301,317,65,19,17,171,246,182,76,109,183,89,137,298,226,245,221,8,319,135,292,207,316,149,92,303,206,224,64
Nitra,74,238,244,0,112,92,37,104,65,183,65,84,94,36,286,195,39,61,290,141,258,124,37,116,73,143,135,23,43,25,49,273,271,308,67,52,195,60,127,65,185,135,47,91,68,80,121,28,220,25,96,87,51,187,155,63,94,278,73,238,65,68,88,107,280,42,26,59,129,61,157,217,18,55,215,56,111,49,159,79,69,291,73,127,268,85,199,64,300,181,296,218,34,95,28,50,84,283,43,210,109,258,42,65,43,23,53,54,37,41,61,72,190,234,244,108,22,128,173,148,63,296,110,55,31,66,92,237,78,167,52,45,81,108,166,60,121,32,192
Žilina,169,192,183,112,0,61,126,21,62,115,50,78,24,144,237,136,112,168,234,65,184,44,96,119,49,132,24,135,69,111,159,218,228,250,117,84,122,149,80,70,145,40,66,32,54,153,9,135,142,95,83,117,147,177,116,99,122,205,50,172,169,157,124,13,212,154,133,91,132,86,60,178,113,167,159,144,92,155,57,164,128,235,100,21,222,73,124,155,230,107,256,165,104,17,85,82,41,234,99,148,17,183,89,165,152,133,124,151,105,71,147,172,118,183,191,16,98,16,141,136,95,261,66,161,80,72,39,175,162,63,137,68,152,44,145,155,26,79,120
Banská Bystrica,165,154,155,92,61,0,122,40,83,91,38,18,67,111,202,105,70,132,203,50,166,39,99,58,75,74,82,114,56,105,140,187,190,221,131,97,102,147,36,27,102,54,66,74,28,160,68,121,128,67,21,141,141,122,70,116,61,187,77,148,157,110,146,69,189,125,102,107,72,37,72,136,83,141,127,142,32,120,78,166,74,204,43,83,185,13,107,152,209,89,216,131,66,53,75,43,24,199,105,119,45,167,51,157,120,106,129,144,106,67,147,164,98,148,158,46,91,75,93,79,44,218,18,147,70,94,82,147,164,86,137,51,161,23,92,149,86,68,99
Trnava,43,273,277,37,126,122,0,124,66,213,88,117,103,61,321,228,77,79,324,168,288,148,30,153,79,180,147,33,66,17,41,307,307,342,37,45,224,25,158,97,220,156,62,98,95,42,134,22,249,60,130,58,21,224,189,43,132,309,78,270,43,99,57,117,312,57,55,44,166,96,179,252,55,59,249,20,145,72,180,43,106,325,109,136,303,117,228,30,331,210,332,252,72,110,47,84,108,318,29,242,128,289,78,39,63,48,18,25,21,58,24,46,220,268,278,127,31,141,209,184,99,332,140,38,51,60,96,269,42,187,15,71,43,134,202,28,127,53,221
Martin,168,175,169,104,21,40,124,0,67,100,39,57,35,133,221,120,97,156,219,50,172,28,96,97,55,110,42,127,61,108,153,203,211,236,121,87,109,149,59,53,126,32,62,44,39,156,27,130,131,84,61,126,145,155,96,104,101,194,56,158,165,141,132,32,199,144,122,96,110,68,54,160,102,159,143,143,70,143,55,165,109,220,80,43,205,52,112,154,218,94,238,148,90,20,79,66,23,218,100,132,5,172,74,163,141,123,126,149,104,66,147,170,105,166,175,6,94,35,121,115,77,242,44,157,74,78,52,160,163,63,137,58,156,23,124,153,47,73,106
Trenčín,108,236,233,65,62,83,66,67,0,166,44,89,38,102,284,184,85,126,283,116,239,94,36,134,12,156,80,83,38,53,104,267,272,300,54,22,175,88,117,68,185,98,24,32,55,90,70,80,198,61,100,59,87,203,153,37,123,260,11,224,110,127,65,51,265,107,91,29,148,79,120,219,75,116,207,82,114,114,119,102,112,284,96,70,267,86,178,94,284,160,299,211,76,48,38,67,60,281,38,197,68,239,68,105,108,88,62,91,44,28,85,112,171,229,238,67,44,75,176,161,87,301,98,104,37,12,29,225,99,125,76,43,90,84,175,94,60,38,172
Poprad,256,80,68,183,115,91,213,100,166,0,126,100,135,198,122,22,156,216,118,50,75,72,189,92,155,77,118,205,146,196,230,103,115,135,218,184,12,238,55,117,46,74,154,144,118,250,113,212,39,158,88,225,232,96,43,202,118,96,156,58,248,186,231,128,99,212,190,193,94,123,62,72,172,229,45,233,77,204,71,256,147,120,120,127,109,98,18,244,119,10,142,51,154,121,166,132,106,119,194,33,100,75,141,248,206,194,219,236,196,157,237,255,7,68,77,102,182,115,54,78,126,149,73,238,161,178,152,60,255,73,228,142,250,81,70,241,138,159,9
Prievidza,132,193,192,65,50,38,88,39,44,126,0,44,40,94,241,143,61,118,241,79,201,60,62,90,39,111,74,88,22,71,114,225,228,259,93,58,137,113,74,26,141,69,28,44,10,124,59,92,161,45,56,102,108,158,109,77,83,222,40,184,127,107,107,49,226,105,83,68,105,40,92,175,63,119,165,108,69,105,94,131,80,242,57,69,224,41,141,119,245,122,255,169,54,34,41,33,20,238,68,156,44,201,39,125,102,84,92,112,70,30,112,133,132,186,196,43,57,67,132,116,50,257,55,118,36,56,50,184,129,102,102,19,124,45,130,117,67,35,134
Zvolen,158,155,160,84,78,18,117,57,89,100,44,0,80,98,204,111,56,118,206,65,174,57,98,45,83,67,100,105,56,101,131,189,190,225,131,99,112,142,44,21,102,72,68,86,33,158,85,113,138,59,13,144,135,114,71,118,44,194,85,154,149,93,149,84,195,112,90,109,60,23,90,135,72,129,131,138,27,106,96,161,56,207,25,99,185,5,117,147,215,99,216,134,54,67,73,33,38,201,105,125,63,175,41,149,107,94,127,138,105,68,142,157,107,151,160,63,87,92,92,72,28,216,30,138,68,100,93,152,160,104,133,50,158,41,87,143,102,66,109
Považská Bystrica,146,211,204,94,24,67,103,35,38,135,40,80,0,128,257,156,100,152,254,85,207,63,73,124,25,141,43,115,53,89,138,239,247,271,92,60,144,126,94,66,161,63,46,8,49,128,31,114,165,81,88,93,125,188,131,74,122,228,26,194,147,146,99,13,234,136,117,67,139,81,84,195,98,148,179,120,100,140,82,140,121,256,97,33,241,75,146,132,252,129,274,184,92,15,65,74,42,254,76,168,35,206,79,142,135,116,100,129,82,52,123,150,140,202,211,33,77,37,155,146,90,278,77,140,62,48,16,196,137,88,114,54,128,58,158,131,27,61,141
Nové Zámky,80,243,253,36,144,111,61,133,102,198,94,98,128,0,291,207,42,24,296,162,271,148,73,118,110,145,168,28,75,57,41,280,274,315,97,89,210,74,143,85,192,161,82,127,94,98,153,40,237,48,109,118,63,184,164,98,91,290,110,250,63,39,118,140,290,14,11,94,128,75,182,221,30,32,225,73,121,12,186,90,59,297,79,161,271,101,215,76,310,198,297,226,45,127,64,69,111,288,77,221,138,272,60,68,8,14,80,63,70,76,77,73,206,242,251,138,59,161,179,149,71,295,128,52,66,103,129,247,92,194,72,75,100,132,168,69,156,67,207
Michalovce,361,48,56,286,237,202,321,221,284,122,241,204,257,291,0,101,251,301,18,172,75,193,301,172,274,145,240,305,258,305,329,21,18,31,334,300,117,346,166,225,101,197,269,266,231,362,236,315,107,262,191,343,338,113,132,319,199,66,276,70,350,266,349,251,52,305,286,310,163,225,184,70,272,323,78,342,176,293,191,365,231,15,214,250,19,204,117,351,56,131,26,72,253,242,277,237,223,3,308,89,222,78,244,351,298,292,331,341,308,270,346,358,120,54,45,224,291,237,113,141,224,39,186,339,272,296,274,64,364,192,337,253,362,200,122,346,261,270,119
Spišská Nová Ves,270,57,49,195,136,105,228,120,184,22,143,111,156,207,101,0,165,223,98,70,64,92,205,94,174,73,140,216,162,210,242,83,92,116,236,201,23,253,69,131,31,96,171,164,134,266,135,224,40,170,99,244,246,81,43,220,122,83,175,42,261,191,249,149,84,222,200,211,92,134,85,50,183,239,23,248,86,212,93,271,153,100,128,150,86,110,27,258,104,33,120,29,165,141,181,145,124,98,211,14,121,65,153,261,215,205,235,249,212,173,252,268,23,46,55,122,197,137,42,73,136,126,88,250,176,196,173,41,270,95,242,157,266,100,60,254,160,174,23
Levice,111,204,212,39,112,70,77,97,85,156,61,56,100,42,251,165,0,62,256,121,229,109,71,79,88,107,136,54,48,64,77,239,236,275,104,81,168,99,101,45,151,122,61,102,57,119,120,64,195,24,67,123,89,149,123,97,55,249,89,208,98,45,124,111,249,56,34,90,91,33,142,181,21,73,184,95,79,49,147,117,30,257,37,131,232,59,173,102,269,156,260,185,8,95,49,30,73,249,78,180,102,230,22,100,50,40,92,91,74,56,100,107,163,201,211,102,56,128,139,111,29,259,86,87,48,91,106,205,117,155,92,46,120,92,129,97,128,47,165
Komárno,87,255,267,61,168,132,79,156,126,216,118,118,152,24,301,223,62,0,308,183,287,170,96,131,134,157,192,47,99,79,47,292,284,327,116,112,228,87,161,107,205,183,107,151,117,112,177,57,255,72,127,138,75,192,179,119,103,306,134,265,68,37,137,165,305,21,35,116,138,95,204,232,55,29,240,87,138,13,208,100,70,308,95,185,282,121,233,87,325,217,306,240,66,151,88,91,134,299,100,237,162,288,82,75,18,37,98,74,92,101,90,78,223,254,264,161,83,185,191,160,90,303,148,58,91,127,153,262,102,216,87,99,114,153,179,80,180,91,225
Humenné,365,53,50,290,234,203,324,219,283,118,241,206,254,296,18,98,256,308,0,169,61,191,302,178,273,151,235,309,259,307,334,16,34,18,334,300,111,349,167,227,104,193,269,263,232,364,232,319,98,265,193,343,341,124,134,319,205,49,274,62,354,273,348,247,35,311,291,310,170,228,178,77,276,328,76,344,179,299,185,368,238,3,219,245,32,206,110,354,37,126,44,72,257,239,278,240,223,19,309,86,219,64,247,355,304,296,332,344,310,271,349,362,115,55,45,221,293,232,117,148,228,58,186,343,274,295,271,58,367,184,339,255,364,199,129,350,256,271,114
Liptovský Mikuláš,211,127,119,141,65,50,168,50,116,50,79,65,85,162,172,70,121,183,169,0,123,21,141,82,105,82,72,164,101,150,190,153,163,185,170,135,59,193,30,77,82,27,107,94,73,203,65,169,82,117,59,176,188,120,56,153,99,144,106,108,206,159,181,78,149,175,153,144,91,87,29,114,133,192,94,188,55,170,37,210,121,170,90,80,157,61,62,198,168,44,190,99,117,70,121,93,59,169,147,83,50,123,102,204,171,156,172,191,150,110,192,212,54,117,126,52,136,67,80,86,93,195,35,196,116,128,102,110,208,44,182,97,203,33,89,196,89,114,56
Bardejov,331,64,32,258,184,166,288,172,239,75,201,174,207,271,75,64,229,287,61,123,0,144,264,158,228,135,181,279,222,271,305,54,79,72,293,258,64,314,130,192,87,143,229,215,193,325,181,287,42,233,162,299,307,128,107,276,186,21,229,24,323,255,305,198,29,285,264,268,155,198,125,79,246,303,51,309,149,276,130,332,217,64,192,192,73,172,60,319,45,79,101,54,228,193,241,207,181,73,269,50,172,3,215,323,279,268,294,311,272,232,313,330,68,51,48,173,257,180,101,134,199,113,148,313,236,251,223,31,330,128,303,217,325,156,118,316,204,234,67
Ružomberok,192,148,140,124,44,39,148,28,94,72,60,57,63,148,193,92,109,170,191,21,144,0,121,86,83,92,55,147,82,131,173,175,184,207,149,114,81,174,38,63,101,15,87,72,56,182,45,152,103,101,55,154,169,135,72,132,97,165,84,130,188,150,160,57,171,161,138,123,97,76,33,134,118,177,115,168,57,157,38,191,114,192,83,61,178,52,84,179,190,66,211,121,104,48,102,79,40,190,126,104,28,144,88,186,157,141,151,173,130,90,172,193,76,139,147,30,117,49,97,97,83,216,31,178,97,106,80,132,189,47,162,79,182,16,103,177,69,95,78
Piešťany,72,253,254,37,96,99,30,96,36,189,62,98,73,73,301,205,71,96,302,141,264,121,0,139,48,164,116,50,42,17,68,286,288,321,34,16,199,53,135,76,200,128,34,68,70,61,104,44,224,48,111,51,51,210,169,26,121,285,48,247,73,106,53,87,288,75,63,21,153,80,151,233,54,82,226,47,126,85,151,69,101,304,96,106,283,97,203,59,308,185,314,230,64,80,25,67,82,298,6,219,99,264,63,69,78,59,30,55,8,31,51,76,195,247,257,98,15,111,190,169,85,315,116,67,29,32,66,246,67,158,41,48,61,107,185,58,97,31,196
Lučenec,190,125,137,116,119,58,153,97,134,92,90,45,124,118,172,94,79,131,178,82,158,86,139,0,129,27,138,133,98,138,157,161,156,197,173,142,105,177,52,65,74,101,112,131,79,195,124,144,130,93,36,187,168,71,51,161,27,176,130,135,178,97,191,127,174,133,113,153,14,58,111,102,100,150,109,173,28,121,119,195,60,178,43,140,153,49,110,181,194,97,180,109,82,111,113,71,82,169,146,108,102,160,76,180,125,119,166,170,144,111,177,186,100,124,133,103,126,131,60,31,54,179,55,166,109,144,138,131,195,127,169,93,196,76,49,176,144,107,102
Dubnica nad Váhom,120,227,223,73,49,75,79,55,12,155,39,83,25,110,274,174,88,134,273,105,228,83,48,129,0,150,68,93,40,65,115,257,263,290,67,35,164,101,108,65,176,86,28,19,50,103,57,91,186,66,95,70,100,197,145,49,121,249,1,213,122,133,76,38,254,116,98,42,144,77,108,210,81,127,197,95,108,122,106,115,114,274,95,57,258,80,167,106,273,149,290,202,80,35,45,67,52,271,51,187,56,228,69,118,116,96,75,104,57,33,98,125,160,219,229,55,54,62,168,155,86,293,90,116,43,23,19,215,112,112,89,43,103,73,168,107,48,43,161
Rimavská Sobota,217,98,112,143,132,74,180,110,156,77,111,67,141,145,145,73,107,157,151,82,135,92,164,27,150,0,147,161,122,164,184,135,129,170,198,166,88,204,54,88,49,106,135,149,100,222,136,171,112,119,55,211,195,47,34,185,54,152,151,111,205,122,216,142,149,160,140,177,19,83,111,75,127,177,85,200,41,147,120,222,86,151,70,152,126,69,94,208,169,84,153,84,109,127,138,96,99,142,171,86,114,137,102,207,152,146,192,197,170,135,204,214,84,97,107,115,152,141,35,4,80,152,65,194,134,167,157,107,222,126,195,117,222,87,22,203,158,132,86
Čadca,189,198,185,135,24,82,147,42,80,118,74,100,43,168,240,140,136,192,235,72,181,55,116,138,68,147,0,157,93,132,181,220,233,250,133,103,123,169,94,94,154,45,88,48,78,170,15,157,139,120,103,130,168,190,128,115,144,202,69,173,190,181,137,29,210,177,157,109,151,110,56,186,137,190,163,163,110,179,50,183,151,237,123,12,227,94,124,174,227,109,260,170,128,41,107,106,64,237,119,150,37,180,113,186,176,157,143,172,125,94,166,193,120,187,195,36,120,7,152,152,119,267,83,183,104,89,53,176,180,53,157,92,169,62,159,175,24,103,121
Šaľa,57,257,264,23,135,114,33,127,83,205,88,105,115,28,305,216,54,47,309,164,279,147,50,133,93,161,157,0,66,32,26,293,290,328,69,66,217,47,149,87,205,158,69,112,91,71,144,12,243,46,117,91,36,203,175,72,109,299,93,259,44,66,90,128,301,25,23,70,145,82,180,235,33,33,236,46,131,38,182,65,80,310,91,149,286,106,221,50,320,203,314,238,52,117,50,72,107,302,53,231,132,280,63,46,29,16,52,38,45,63,50,53,212,254,264,131,39,151,192,165,81,313,132,33,54,82,112,257,66,190,44,68,73,131,183,44,142,55,214
Partizánske,110,210,211,43,69,56,66,61,38,146,22,56,53,75,258,162,48,99,259,101,222,82,42,98,40,122,93,66,0,49,92,243,245,278,76,43,158,92,93,34,157,92,14,53,28,104,78,69,183,27,68,89,86,170,126,62,85,243,40,204,105,93,93,65,246,84,64,54,113,41,114,190,44,98,184,86,83,87,116,110,74,261,59,86,240,54,162,97,265,143,271,187,40,52,19,29,42,255,49,176,65,222,30,103,83,64,73,90,50,12,91,111,153,204,214,64,35,86,147,127,49,272,74,96,14,47,57,204,108,124,81,5,104,67,143,95,81,12,155
Hlohovec,60,256,260,25,111,105,17,108,53,196,71,101,89,57,305,210,64,79,307,150,271,131,17,138,65,164,132,32,49,0,50,290,291,325,41,34,207,42,141,80,203,140,45,84,77,57,119,27,232,44,114,61,37,209,172,40,118,292,64,253,58,92,62,102,295,58,48,37,151,80,162,236,43,64,232,37,128,69,163,60,94,308,94,122,286,100,211,47,314,193,316,235,58,94,29,68,91,302,20,225,111,271,62,55,61,43,28,41,13,41,41,62,202,252,261,110,14,126,192,168,84,316,123,51,34,50,83,252,59,170,32,53,58,116,186,45,114,36,204
Dunajská Streda,40,281,289,49,159,140,41,153,104,230,114,131,138,41,329,242,77,47,334,190,305,173,68,157,115,184,181,26,92,50,0,317,313,353,77,84,243,40,175,113,229,184,93,135,117,65,168,23,269,73,142,98,29,224,200,85,131,325,115,285,22,78,96,152,326,28,43,85,167,107,206,259,58,19,261,42,156,45,208,53,100,334,115,172,310,132,247,40,346,229,337,263,77,142,74,98,133,326,69,256,157,306,89,28,36,37,58,28,61,87,44,32,238,279,288,156,61,175,216,188,106,335,158,12,78,100,134,283,55,216,44,94,67,157,206,33,164,80,239
Vranov nad Topľou,348,37,35,273,218,187,307,203,267,103,225,189,239,280,21,83,239,292,16,153,54,175,286,161,257,135,220,293,243,290,317,0,27,35,318,283,96,332,150,210,87,178,253,247,215,347,217,302,86,248,176,327,325,109,118,302,189,47,258,49,337,257,332,232,34,294,274,293,153,211,164,60,259,312,60,328,162,282,171,351,221,17,202,231,23,189,96,337,44,111,47,55,241,224,262,223,206,19,292,70,204,57,230,338,287,280,316,328,293,254,332,345,100,38,28,205,277,218,100,132,211,59,169,326,257,279,256,44,350,171,322,238,347,183,113,333,241,255,99
Trebišov,346,35,53,271,228,190,307,211,272,115,228,190,247,274,18,92,236,284,34,163,79,184,288,156,263,129,233,290,245,291,313,27,0,49,321,287,110,332,154,211,87,189,256,255,218,348,228,300,105,247,177,331,323,95,119,306,182,75,264,68,334,248,336,241,62,289,270,297,146,210,177,54,256,306,69,327,162,276,185,350,215,32,199,242,6,190,111,336,71,124,27,63,238,231,263,222,211,16,294,82,212,83,229,336,281,276,317,326,295,257,332,343,113,46,39,214,277,229,98,125,209,35,173,323,258,284,264,61,350,186,322,240,348,189,106,332,252,256,113
Snina,383,72,67,308,250,221,342,236,300,135,259,225,271,315,31,116,275,327,18,185,72,207,321,197,290,170,250,328,278,325,353,35,49,0,352,318,127,367,185,245,123,209,287,280,250,382,248,337,111,284,212,360,360,142,153,336,224,55,292,77,373,292,366,264,43,330,310,327,188,247,193,95,295,347,94,363,197,318,200,386,257,18,237,261,49,224,126,372,36,142,49,90,276,256,297,258,240,32,327,103,236,74,265,374,322,315,351,363,328,289,367,381,131,74,64,237,312,248,136,167,246,63,204,362,292,312,288,75,385,199,357,273,382,216,148,368,272,290,130
Senica,62,286,285,67,117,131,37,121,54,218,93,131,92,97,334,236,104,116,334,170,293,149,34,173,67,198,133,69,76,41,77,318,321,352,0,34,229,43,167,110,233,153,64,85,102,37,124,59,252,82,144,21,50,245,201,17,155,314,66,277,72,134,21,105,318,94,89,25,187,115,175,266,85,95,258,39,159,108,174,52,134,335,130,121,316,130,232,49,338,214,347,262,97,103,59,102,112,331,27,249,123,293,98,65,99,83,19,53,30,64,39,70,224,279,289,122,48,129,223,203,120,348,148,71,63,44,80,277,48,180,34,81,36,136,219,52,110,65,226
Nové Mesto nad Váhom,85,252,251,52,84,97,45,87,22,184,58,99,60,89,300,201,81,112,300,135,258,114,16,142,35,166,103,66,43,34,84,283,287,318,34,0,194,65,133,77,199,119,31,54,68,68,92,61,217,58,112,45,65,213,167,19,127,279,34,242,88,119,49,74,284,91,78,10,157,85,141,233,66,99,223,59,126,101,141,80,111,301,101,92,282,97,197,71,303,179,313,227,73,69,32,72,77,297,16,215,89,258,70,83,94,74,39,69,23,31,62,90,189,245,255,88,29,98,190,171,91,315,114,83,34,15,51,243,77,147,53,48,68,102,187,72,82,36,191
Kežmarok,267,77,61,195,122,102,224,109,175,12,137,112,144,210,117,23,168,228,111,59,64,81,199,105,164,88,123,217,158,207,243,96,110,127,229,194,0,250,67,129,53,82,165,153,129,261,120,223,26,170,101,235,244,103,54,212,130,85,166,49,260,198,241,136,89,224,202,204,106,136,67,73,184,242,41,245,90,217,74,268,160,113,132,134,104,110,5,255,108,15,138,49,166,130,177,144,117,114,205,28,109,64,153,260,219,207,230,247,208,168,249,267,4,64,72,110,193,121,62,89,139,145,85,250,173,187,161,52,266,75,239,153,261,92,79,252,144,170,3
Pezinok,19,298,302,60,149,147,25,149,88,238,113,142,126,74,346,253,99,87,349,193,314,174,53,177,101,204,169,47,92,42,40,332,332,367,43,65,250,0,184,122,245,181,86,120,120,24,157,35,275,84,155,62,11,248,214,57,154,334,100,295,29,113,58,139,337,66,71,61,190,121,204,277,77,60,274,5,170,82,204,18,127,350,133,158,328,143,254,5,357,236,357,277,94,133,72,109,134,343,50,267,152,314,102,21,73,64,27,12,44,83,4,26,245,294,303,151,56,163,233,208,123,356,165,31,77,80,117,295,18,211,12,96,26,159,226,9,148,79,247
Brezno,201,119,118,127,80,36,158,59,117,55,74,44,94,143,166,69,101,161,167,30,130,38,135,52,108,54,94,149,93,141,175,150,154,185,167,133,67,184,0,62,68,51,102,102,65,197,83,156,94,102,34,176,177,97,37,152,71,150,109,111,193,134,182,91,153,157,135,143,61,68,59,102,116,174,90,179,26,149,67,202,95,168,66,99,149,42,72,189,172,55,181,94,99,79,112,77,56,163,142,83,62,131,85,192,151,139,166,180,143,104,183,200,62,112,121,64,127,87,61,58,71,185,19,182,107,129,110,110,201,75,173,88,197,36,65,186,106,105,64
Žiar nad Hronom,138,177,180,65,70,27,97,53,68,117,26,21,66,85,225,131,45,107,227,77,192,63,76,65,65,88,94,87,34,80,113,210,211,245,110,77,129,122,62,0,124,77,47,71,17,136,79,94,155,40,34,123,115,135,92,97,56,213,66,173,130,88,127,73,215,98,75,88,80,15,97,157,56,114,152,117,49,94,101,140,57,228,30,91,207,20,134,127,235,116,237,155,40,56,51,16,30,222,83,145,59,193,24,130,93,78,105,118,83,46,121,137,124,172,181,59,66,86,113,93,25,238,44,120,47,79,77,172,139,110,112,29,137,46,109,123,91,45,126
Rožňava,260,53,62,185,145,102,220,126,185,46,141,102,161,192,101,31,151,205,104,82,87,101,200,74,176,49,154,205,157,203,229,87,87,123,233,199,53,245,68,124,0,109,168,170,131,261,146,214,70,161,89,244,237,50,31,218,102,103,177,63,249,171,249,158,100,206,186,209,68,124,103,34,171,224,36,240,75,195,113,264,134,105,114,162,83,103,58,249,119,57,114,34,153,146,175,135,124,98,207,39,128,89,143,251,199,192,230,240,207,169,245,258,51,49,59,130,190,149,14,47,123,117,86,238,171,197,178,57,263,116,235,152,261,103,31,245,170,169,52
Dolný Kubín,200,154,143,135,40,54,156,32,98,74,69,72,63,161,197,96,122,183,193,27,143,15,128,101,86,106,45,158,92,140,184,178,189,209,153,119,82,181,51,77,109,0,94,72,67,188,38,161,101,113,71,156,177,147,83,136,113,164,87,131,197,164,163,54,171,173,151,128,112,90,22,141,131,188,119,175,73,171,24,198,129,195,98,53,183,67,83,187,189,66,217,126,117,50,111,92,50,194,133,107,29,143,101,195,169,153,158,181,137,98,179,202,78,143,151,31,126,40,107,110,98,222,47,188,106,110,79,134,195,33,169,89,188,31,115,185,63,104,79
Bánovce nad Bebravou,105,221,221,47,66,66,62,62,24,154,28,68,46,82,269,171,61,107,269,107,229,87,34,112,28,135,88,69,14,45,93,253,256,287,64,31,165,86,102,47,168,94,0,44,37,95,75,69,189,38,81,76,83,183,136,50,99,250,28,213,103,104,80,59,254,90,71,41,127,55,117,202,53,102,193,81,95,94,118,103,88,271,73,80,251,66,169,92,273,151,282,197,52,49,18,43,48,266,39,185,66,230,44,100,89,69,64,87,42,5,85,108,160,214,224,65,32,82,159,140,63,284,83,95,15,33,46,213,101,125,75,19,95,73,156,90,73,15,162
Púchov,140,220,213,91,32,74,98,44,32,144,44,86,8,127,266,164,102,151,263,94,215,72,68,131,19,149,48,112,53,84,135,247,255,280,85,54,153,120,102,71,170,72,44,0,54,121,39,111,173,81,95,85,119,196,139,67,127,236,20,202,142,147,91,20,243,134,116,60,145,85,92,204,97,145,187,114,107,139,90,134,124,265,101,38,250,81,155,126,261,137,283,193,93,23,63,76,49,263,70,177,43,215,81,137,134,114,94,123,76,50,117,144,148,211,220,42,73,44,164,153,94,287,85,135,60,41,8,204,131,96,108,55,121,66,165,126,29,60,150
Handlová,138,183,183,68,54,28,95,39,55,118,10,33,49,94,231,134,57,117,232,73,193,56,70,79,50,100,78,91,28,77,117,215,218,250,102,68,129,120,65,17,131,67,37,54,0,132,63,96,154,46,45,113,114,148,99,87,73,214,51,176,132,102,117,56,217,106,84,78,94,32,89,164,63,121,156,115,59,104,92,138,73,233,48,75,214,30,133,125,237,115,245,160,51,39,48,27,16,228,76,148,44,194,35,131,102,85,101,118,78,38,119,138,125,177,187,44,63,71,121,105,41,247,46,123,43,67,60,176,136,100,109,24,132,39,119,123,74,41,126
Malacky,33,314,316,80,153,160,42,156,90,250,124,158,128,98,362,266,119,112,364,203,325,182,61,195,103,222,170,71,104,57,65,347,348,382,37,68,261,24,197,136,261,188,95,121,132,0,160,59,285,102,171,48,36,267,229,54,174,346,102,308,50,138,42,141,350,91,94,61,209,138,210,293,98,85,288,25,186,107,210,18,148,365,152,158,344,157,265,25,369,246,374,291,114,138,85,125,144,359,56,280,158,325,119,41,98,87,31,37,53,93,21,43,256,308,318,157,70,165,250,226,141,374,178,55,90,80,117,308,14,216,27,109,2,169,244,32,147,92,258
Kysucké Nové Mesto,177,192,182,121,9,68,134,27,70,113,59,85,31,153,236,135,120,177,232,65,181,45,104,124,57,136,15,144,78,119,168,217,228,248,124,92,120,157,83,79,146,38,75,39,63,160,0,144,138,104,89,123,156,180,118,106,129,202,58,170,177,166,130,18,209,163,142,99,138,94,56,179,122,176,158,152,97,164,52,172,136,234,107,16,222,80,122,163,226,105,255,164,113,26,94,91,49,233,107,146,22,180,98,174,161,142,132,160,113,80,155,181,116,182,190,21,106,7,143,140,104,261,70,170,89,79,45,173,169,57,145,77,159,49,148,163,24,88,118
Galanta,46,267,273,28,135,121,22,130,80,212,92,113,114,40,315,224,64,57,319,169,287,152,44,144,91,171,157,12,69,27,23,302,300,337,59,61,223,35,156,94,214,161,69,111,96,59,144,0,249,54,125,81,24,214,184,64,120,307,91,267,36,79,79,128,309,35,36,63,156,90,184,245,43,37,244,33,139,50,186,53,91,319,100,148,296,114,228,38,328,210,324,247,61,118,51,79,111,312,46,239,134,287,71,36,41,29,41,26,38,64,37,43,219,263,273,133,37,151,202,175,91,323,138,26,55,77,110,266,54,193,32,72,60,136,193,32,140,57,220
Stará Ľubovňa,293,77,51,220,142,128,249,131,198,39,161,138,165,237,107,40,195,255,98,82,42,103,224,130,186,112,139,243,183,232,269,86,105,111,252,217,26,275,94,155,70,101,189,173,154,285,138,249,0,196,127,257,269,120,80,235,157,63,188,37,286,225,263,156,70,251,229,227,130,162,82,80,210,268,45,269,116,243,88,292,186,100,159,150,99,136,21,280,88,39,131,53,193,151,202,170,141,105,229,33,130,41,179,285,245,233,254,273,232,192,273,292,31,62,67,131,218,138,82,112,165,141,110,276,197,210,181,44,291,87,264,178,285,116,100,277,162,195,29
Zlaté Moravce,99,214,219,25,95,67,60,84,61,158,45,59,81,48,262,170,24,72,265,117,233,101,48,93,66,119,120,46,27,44,73,248,247,284,82,58,170,84,102,40,161,113,38,81,46,102,104,54,196,0,71,100,76,165,130,74,73,253,66,213,90,66,102,92,255,59,38,67,106,36,135,192,17,75,190,80,86,59,138,103,53,266,49,113,243,60,174,88,274,157,272,193,15,78,25,25,62,259,55,185,89,233,18,90,57,39,72,79,52,33,84,97,165,210,219,89,34,112,149,124,39,272,85,79,24,67,84,212,102,146,75,27,103,85,142,84,109,23,167
Detva,171,142,147,96,83,21,130,61,100,88,56,13,88,109,191,99,67,127,193,59,162,55,111,36,95,55,103,117,68,114,142,176,177,212,144,112,101,155,34,34,89,71,81,95,45,171,89,125,127,71,0,157,148,102,58,131,42,182,96,142,161,100,161,91,183,123,101,122,50,35,86,122,84,140,119,151,14,115,92,174,62,194,31,104,172,14,106,160,203,89,202,121,66,75,86,46,45,188,118,113,67,163,54,162,117,106,140,151,118,80,155,169,96,138,148,67,100,96,78,60,37,203,24,151,81,112,103,140,173,101,146,63,171,42,75,156,108,79,98
Skalica,78,296,293,87,117,141,58,126,59,225,102,144,93,118,343,244,123,138,343,176,299,154,51,187,70,211,130,91,89,61,98,327,331,360,21,45,235,62,176,123,244,156,76,85,113,48,123,81,257,100,157,0,70,259,212,26,172,320,69,284,91,154,6,104,325,116,110,34,202,130,177,278,104,117,267,58,171,130,175,66,153,344,146,118,326,142,238,66,344,220,358,271,115,106,75,117,120,340,44,257,127,298,114,83,121,104,40,73,49,76,57,87,231,289,298,125,66,127,235,216,136,360,157,91,78,47,78,285,62,181,54,94,46,144,232,71,106,80,232
Senec,23,290,295,51,147,141,21,145,87,232,108,135,125,63,338,246,89,75,341,188,307,169,51,168,100,195,168,36,86,37,29,325,323,360,50,65,244,11,177,115,237,177,83,119,114,36,156,24,269,76,148,70,0,238,206,61,144,328,99,289,23,102,66,138,330,54,60,63,180,113,200,268,67,49,266,12,162,71,201,28,116,342,124,157,319,135,248,13,350,230,348,269,85,131,67,101,129,335,49,260,149,308,94,17,61,53,31,4,43,79,15,25,239,286,296,148,51,162,225,199,114,347,159,21,72,81,117,287,29,208,15,90,38,154,217,8,148,73,241
Levoča,260,72,97,187,177,122,224,155,203,96,158,114,188,184,113,81,149,192,124,120,128,135,210,71,197,47,190,203,170,209,224,109,95,142,245,213,103,248,97,135,50,147,183,196,148,267,180,214,120,165,102,259,238,0,64,232,93,139,199,104,246,155,263,187,133,198,181,224,58,130,146,50,170,215,79,244,89,184,156,266,124,123,115,196,93,117,108,251,150,106,114,73,153,173,185,143,146,110,217,87,159,131,147,249,190,187,237,240,216,182,248,255,101,79,86,160,198,185,42,42,125,111,111,235,181,214,204,96,266,161,240,164,268,132,31,246,203,179,102
Revúca,230,84,89,155,116,70,189,96,153,43,109,71,131,164,132,43,123,179,134,56,107,72,169,51,145,34,128,175,126,172,200,118,119,153,201,167,54,214,37,92,31,83,136,139,99,229,118,184,80,130,58,212,206,64,0,187,78,126,146,85,220,147,217,128,126,179,158,178,51,93,83,65,142,196,60,209,44,169,92,233,109,135,85,134,114,71,60,219,146,50,146,62,123,116,144,105,93,129,175,57,99,109,112,220,172,163,198,209,176,137,214,228,51,79,89,100,159,122,24,35,94,148,55,209,139,165,147,82,232,97,204,120,230,73,32,215,142,137,52
Myjava,77,271,269,63,99,116,43,104,37,202,77,118,74,98,319,220,97,119,319,153,276,132,26,161,49,185,115,72,62,40,85,302,306,336,17,19,212,57,152,97,218,136,50,67,87,54,106,64,235,74,131,26,61,232,187,0,146,297,48,261,84,132,30,87,302,98,89,8,175,103,157,252,80,102,242,52,145,110,156,68,127,320,120,103,301,116,215,63,321,197,333,246,89,85,49,90,95,316,20,233,106,276,88,77,102,83,30,65,27,50,54,84,208,264,274,104,42,111,209,190,109,334,133,81,52,26,62,261,65,162,46,68,53,120,206,65,93,54,209
Veľký Krtíš,166,152,164,94,122,61,132,101,123,118,83,44,122,91,199,122,55,103,205,99,186,97,121,27,121,54,144,109,85,118,131,189,182,224,155,127,130,154,71,56,102,113,99,127,73,174,129,120,157,73,42,172,144,93,78,146,0,204,122,163,153,69,175,127,202,106,88,138,36,44,127,129,77,123,137,151,44,93,134,173,32,205,26,143,179,49,136,158,222,122,205,137,60,110,96,56,81,196,128,135,107,187,58,155,98,94,146,147,126,97,155,162,126,151,161,107,107,136,88,57,36,203,66,141,93,132,134,159,173,142,147,80,175,84,76,153,145,91,128
Svidník,352,69,42,278,205,187,309,194,260,96,222,194,228,290,66,83,249,306,49,144,21,165,285,176,249,152,202,299,243,292,325,47,75,55,314,279,85,334,150,213,103,164,250,236,214,346,202,307,63,253,182,320,328,139,126,297,204,0,250,40,343,273,326,219,13,305,283,289,171,217,146,89,266,322,67,329,169,295,151,353,235,52,211,213,70,193,81,339,25,100,92,68,248,214,262,227,202,65,290,69,193,21,235,343,298,288,315,331,293,253,333,351,89,60,54,194,278,201,117,150,219,106,169,333,257,272,244,45,351,149,324,238,346,177,133,336,225,255,88
Nová Dubnica,119,229,225,73,50,77,78,56,11,156,40,85,26,110,276,175,89,134,274,106,229,84,48,130,1,151,69,93,40,64,115,258,264,292,66,34,166,100,109,66,177,87,28,20,51,102,58,91,188,66,96,69,99,199,146,48,122,250,0,215,121,133,75,39,256,116,98,41,145,78,109,211,81,126,198,94,109,122,107,114,114,276,96,58,259,81,169,105,275,151,291,203,80,37,45,68,53,273,50,188,58,229,70,117,116,96,74,103,56,33,97,124,161,221,230,56,54,63,170,156,87,294,91,115,43,22,19,216,111,114,88,44,101,75,169,106,49,43,163
Sabinov,312,44,14,238,172,148,270,158,224,58,184,154,194,250,70,42,208,265,62,108,24,130,247,135,213,111,173,259,204,253,285,49,68,77,277,242,49,295,111,173,63,131,213,202,176,308,170,267,37,213,142,284,289,104,85,261,163,40,215,0,303,232,290,186,41,264,243,252,131,177,116,56,226,282,27,291,128,254,122,314,194,64,171,183,62,153,48,300,61,65,94,30,208,179,224,187,165,67,252,28,159,27,196,304,258,248,277,292,254,215,295,311,54,30,31,160,239,170,77,110,179,104,130,293,219,236,210,9,312,122,285,199,308,140,94,297,194,217,52
Šamorín,20,302,309,65,169,157,43,165,110,248,127,149,147,63,350,261,98,68,354,206,323,188,73,178,122,205,190,44,105,58,22,337,334,373,72,88,260,29,193,130,249,197,103,142,132,50,177,36,286,90,161,91,23,246,220,84,153,343,121,303,0,100,87,160,345,51,65,86,189,126,220,280,78,39,280,33,175,68,221,34,122,355,135,180,331,150,265,25,365,246,358,282,96,152,86,116,147,347,72,275,169,324,107,8,59,58,54,19,65,99,33,10,255,299,308,168,71,184,237,209,126,356,175,11,91,104,140,302,37,228,38,108,52,172,227,20,171,92,257
Štúrovo,119,220,234,68,157,110,99,141,127,186,107,93,146,39,266,191,45,37,273,159,255,150,106,97,133,122,181,66,93,92,78,257,248,292,134,119,198,113,134,88,171,164,104,147,102,138,166,79,225,66,100,154,102,155,147,132,69,273,133,232,100,0,155,156,272,49,44,127,103,73,183,196,53,63,206,112,109,32,188,129,38,273,68,176,246,98,204,115,291,188,270,206,53,141,90,74,118,263,111,205,147,257,67,106,41,51,117,102,105,99,116,111,194,220,229,147,90,173,157,125,66,266,123,90,90,132,150,228,131,197,111,91,139,133,144,108,173,89,196
Holič,73,301,299,88,124,146,57,132,65,231,107,149,99,118,349,249,124,137,348,181,305,160,53,191,76,216,137,90,93,62,96,332,336,366,21,49,241,58,182,127,249,163,80,91,117,42,130,79,263,102,161,6,66,263,217,30,175,326,75,290,87,155,0,111,331,115,110,39,206,133,184,282,105,114,272,54,176,129,182,60,155,350,149,125,331,147,244,62,350,226,363,276,117,112,78,120,125,346,46,263,133,304,117,79,120,104,38,69,50,80,53,83,236,294,303,131,68,134,239,220,139,365,163,88,82,53,85,291,56,187,51,98,40,149,236,67,113,84,238
Bytča,159,206,197,107,13,69,117,32,51,128,49,84,13,140,251,149,111,165,247,78,198,57,87,127,38,142,29,128,65,102,152,232,241,264,105,74,136,139,91,73,158,54,59,20,56,141,18,128,156,92,91,104,138,187,128,87,127,219,39,186,160,156,111,0,225,149,129,80,141,89,73,191,110,161,172,134,101,152,70,154,130,249,104,20,236,79,138,145,243,121,269,178,103,16,78,83,46,248,89,161,29,197,89,156,148,129,113,142,95,65,137,163,132,196,205,27,90,24,153,146,98,274,76,153,75,61,26,188,151,76,127,65,141,55,156,145,17,74,133
Stropkov,354,61,37,280,212,189,312,199,265,99,226,195,234,290,52,84,249,305,35,149,29,171,288,174,254,149,210,301,246,295,326,34,62,43,318,284,89,337,153,215,100,171,254,243,217,350,209,309,70,255,183,325,330,133,126,302,202,13,256,41,345,272,331,225,0,305,284,293,169,219,153,82,267,322,65,332,170,295,159,355,234,39,211,221,57,194,87,342,19,105,78,65,249,220,265,229,206,51,294,70,199,31,237,345,298,289,318,334,296,256,336,352,94,54,46,200,281,208,114,147,220,92,171,334,260,277,250,43,354,157,327,241,350,181,129,339,232,258,92
Kolárovo,69,258,268,42,154,125,57,144,107,212,105,112,136,14,305,222,56,21,311,175,285,161,75,133,116,160,177,25,84,58,28,294,289,330,94,91,224,66,157,98,206,173,90,134,106,91,163,35,251,59,123,116,54,198,179,98,106,305,116,264,51,49,115,149,305,0,22,95,142,88,194,235,42,17,240,66,135,17,198,80,74,311,93,170,286,115,229,66,325,212,312,241,58,136,71,82,122,302,78,236,149,286,73,56,8,20,76,54,71,84,69,61,220,256,266,148,63,170,193,163,85,309,141,40,74,107,135,261,83,206,66,85,93,144,182,60,163,75,221
Šurany,80,238,247,26,133,102,55,122,91,190,83,90,117,11,286,200,34,35,291,153,264,138,63,113,98,140,157,23,64,48,43,274,270,310,89,78,202,71,135,75,186,151,71,116,84,94,142,36,229,38,101,110,60,181,158,89,88,283,98,243,65,44,110,129,284,22,0,84,124,66,172,216,20,39,219,69,114,23,176,88,57,291,72,150,266,93,207,73,304,190,293,220,36,116,53,59,100,283,68,214,127,265,50,68,19,7,73,61,62,65,73,74,198,236,246,127,49,150,173,144,64,292,119,53,55,92,117,240,89,184,67,64,96,122,163,67,144,55,199
Stará Turá,81,262,261,59,91,107,44,96,29,193,68,109,67,94,310,211,90,116,310,144,268,123,21,153,42,177,109,70,54,37,85,293,297,327,25,10,204,61,143,88,209,128,41,60,78,61,99,63,227,67,122,34,63,224,178,8,138,289,41,252,86,127,39,80,293,95,84,0,167,95,149,243,74,101,233,56,137,106,148,74,120,311,112,97,292,108,207,67,312,189,324,238,82,77,41,82,87,307,16,225,98,268,80,81,99,80,34,67,24,41,58,87,199,255,265,96,36,104,200,181,101,326,124,82,44,19,56,253,71,155,50,59,60,111,197,68,87,46,201
Fiľakovo,202,116,131,129,132,72,166,110,148,94,105,60,139,128,163,92,91,138,170,91,155,97,153,14,144,19,151,145,113,151,167,153,146,188,187,157,106,190,61,80,68,112,127,145,94,209,138,156,130,106,50,202,180,58,51,175,36,171,145,131,189,103,206,141,169,142,124,167,0,72,120,93,112,160,104,186,41,130,129,208,68,170,57,153,143,64,112,193,188,100,169,103,95,125,127,85,96,160,160,105,115,157,89,192,135,130,179,182,158,125,190,198,102,116,126,116,140,144,54,21,67,167,67,178,124,159,153,126,208,136,182,108,210,89,40,188,158,121,103
Banská Štiavnica,136,177,182,61,86,37,96,68,79,123,40,23,81,75,225,134,33,95,228,87,198,76,80,58,77,83,110,82,41,80,107,211,210,247,115,85,136,121,68,15,124,90,55,85,32,138,94,90,162,36,35,130,113,130,93,103,44,217,78,177,126,73,133,89,219,88,66,95,72,0,110,156,48,106,154,117,49,82,115,140,41,229,17,107,206,26,141,125,238,123,235,156,30,72,55,13,45,222,87,149,74,198,18,127,83,70,108,116,86,53,121,134,131,173,183,74,68,102,112,88,9,236,53,115,51,89,91,175,139,123,112,36,139,59,105,121,107,49,133
Tvrdošín,223,142,128,157,60,72,179,54,120,62,92,90,84,182,184,85,142,204,178,29,125,33,151,111,108,111,56,180,114,162,206,164,177,193,175,141,67,204,59,97,103,22,117,92,89,210,56,184,82,135,86,177,200,146,83,157,127,146,109,116,220,183,184,73,153,194,172,149,120,110,0,133,152,210,107,198,84,191,9,220,146,180,115,67,171,85,67,209,171,52,205,114,137,72,133,113,72,181,155,94,52,124,122,217,191,174,180,204,159,121,202,225,63,131,138,53,148,55,104,114,117,211,61,211,128,131,100,119,218,15,192,111,210,50,115,208,79,127,64
Moldava nad Bodvou,291,23,47,217,178,136,252,160,219,72,175,135,195,221,70,50,181,232,77,114,79,134,233,102,210,75,186,235,190,236,259,60,54,95,266,233,73,277,102,157,34,141,202,204,164,293,179,245,80,192,122,278,268,50,65,252,129,89,211,56,280,196,282,191,82,235,216,243,93,156,133,0,202,252,35,273,107,223,142,296,161,76,144,194,50,136,76,281,99,82,80,28,183,180,208,168,158,67,240,48,162,82,174,281,228,222,262,271,240,202,277,288,74,28,35,163,223,182,43,71,154,82,120,269,204,230,212,47,295,145,268,185,294,137,52,277,204,202,74
Vráble,90,224,231,18,113,83,55,102,75,172,63,72,98,30,272,183,21,55,276,133,246,118,54,100,81,127,137,33,44,43,58,259,256,295,85,66,184,77,116,56,171,131,53,97,63,98,122,43,210,17,84,104,67,170,142,80,77,266,81,226,78,53,105,110,267,42,20,74,112,48,152,202,0,58,203,74,97,42,155,95,50,277,57,130,253,74,189,80,287,171,281,204,18,96,37,40,80,269,60,198,107,247,31,79,39,22,71,69,55,48,78,86,179,221,230,107,38,130,159,132,48,280,100,67,38,78,100,224,96,164,70,44,99,102,150,75,126,38,181
Veľký Meder,58,275,285,55,167,141,59,159,116,229,119,129,148,32,323,239,73,29,328,192,303,177,82,150,127,177,190,33,98,64,19,312,306,347,95,99,242,60,174,114,224,188,102,145,121,85,176,37,268,75,140,117,49,215,196,102,123,322,126,282,39,63,114,161,322,17,39,101,160,106,210,252,58,0,257,62,153,31,213,72,91,329,111,182,303,132,247,59,342,229,329,258,75,150,83,98,137,320,84,253,163,304,89,46,24,35,76,48,76,96,64,49,237,274,283,163,72,183,211,181,103,326,158,30,86,114,146,279,75,221,63,100,87,160,200,52,175,87,239
Krompachy,290,35,28,215,159,127,249,143,207,45,165,131,179,225,78,23,184,240,76,94,51,115,226,109,197,85,163,236,184,232,261,60,69,94,258,223,41,274,90,152,36,119,193,187,156,288,158,244,45,190,119,267,266,79,60,242,137,67,198,27,280,206,272,172,65,240,219,233,104,154,107,35,203,257,0,269,105,229,115,292,169,77,146,172,64,131,43,279,85,54,97,7,184,164,203,165,146,75,233,13,144,53,173,281,233,224,257,270,234,195,273,288,44,23,32,145,218,160,50,83,155,104,110,270,198,219,196,22,291,117,264,179,288,123,67,275,183,196,43
Modra,25,293,297,56,144,142,20,143,82,233,108,138,120,73,342,248,95,87,344,188,309,168,47,173,95,200,163,46,86,37,42,328,327,363,39,59,245,5,179,117,240,175,81,114,115,25,152,33,269,80,151,58,12,244,209,52,151,329,94,291,33,112,54,134,332,66,69,56,186,117,198,273,74,62,269,0,165,82,198,23,124,345,129,152,323,138,249,11,352,230,352,272,91,128,67,104,128,339,44,262,146,309,98,25,73,62,21,14,38,77,4,31,240,289,299,145,51,158,229,204,119,352,160,33,72,74,111,290,22,205,6,91,27,154,222,13,142,74,242
Hriňová,185,128,133,111,92,32,145,70,114,77,69,27,100,121,176,86,79,138,179,55,149,57,126,28,108,41,110,131,83,128,156,162,162,197,159,126,90,170,26,49,75,73,95,107,59,186,97,139,116,86,14,171,162,89,44,145,44,169,109,128,175,109,176,101,170,135,114,137,41,49,84,107,97,153,105,165,0,127,92,188,70,180,42,112,158,29,95,174,189,79,188,107,79,85,101,60,57,173,132,100,74,151,68,176,129,119,155,165,132,95,170,183,85,123,133,75,115,103,64,46,50,189,26,164,96,126,115,126,188,100,160,78,186,48,60,170,117,94,87
Hurbanovo,86,246,257,49,155,120,72,143,114,204,105,106,140,12,293,212,49,13,299,170,276,157,85,121,122,147,179,38,87,69,45,282,276,318,108,101,217,82,149,94,195,171,94,139,104,107,164,50,243,59,115,130,71,184,169,110,93,295,122,254,68,32,129,152,295,17,23,106,130,82,191,223,42,31,229,82,127,0,195,97,61,299,84,173,273,109,222,83,314,205,298,230,53,138,76,78,121,290,90,226,149,277,69,73,9,26,90,71,82,89,86,78,212,245,254,148,71,172,182,151,78,295,135,57,78,115,141,251,99,204,82,87,109,141,170,77,167,79,214
Námestovo,223,151,135,159,57,78,180,55,119,71,94,96,82,186,191,93,147,208,185,37,130,38,151,119,106,120,50,182,116,163,208,171,185,200,174,141,74,204,67,101,113,24,118,90,92,210,52,186,88,138,92,175,201,156,92,156,134,151,107,122,221,188,182,70,159,198,176,148,129,115,9,142,155,213,115,198,92,195,0,220,152,187,121,62,179,91,74,210,176,61,212,122,142,71,135,117,75,188,155,102,51,129,126,218,194,177,180,205,159,122,202,226,71,139,146,53,149,50,114,123,122,220,68,212,130,130,97,127,218,8,192,113,209,55,125,208,74,128,72
Stupava,15,317,320,79,164,166,43,165,102,256,131,161,140,90,365,271,117,100,368,210,332,191,69,195,115,222,183,65,110,60,53,351,350,386,52,80,268,18,202,140,264,198,103,134,138,18,172,53,292,103,174,66,28,266,233,68,173,353,114,314,34,129,60,154,355,80,88,74,208,140,220,296,95,72,292,23,188,97,220,0,145,368,152,172,346,161,272,15,375,253,375,295,113,149,90,128,151,362,65,285,168,332,121,25,88,81,40,27,61,100,19,26,263,312,322,167,74,178,252,227,142,375,183,41,95,93,130,313,4,227,28,114,21,176,245,21,161,97,265
Šahy,137,184,197,69,128,74,106,109,112,147,80,56,121,59,231,153,30,70,238,121,217,114,101,60,114,86,151,80,74,94,100,221,215,257,134,111,160,127,95,57,134,129,88,124,73,148,136,91,186,53,62,153,116,124,109,127,32,235,114,194,122,38,155,130,234,74,57,120,68,41,146,161,50,91,169,124,70,61,152,145,0,238,31,148,212,61,165,130,254,150,237,169,37,113,79,47,86,228,108,167,115,218,44,125,66,64,122,118,104,84,128,131,155,184,193,115,86,143,121,89,32,235,86,111,77,119,129,191,145,161,121,70,150,98,108,124,147,76,157
Chlmec,365,53,52,291,235,204,325,220,284,120,242,207,256,297,15,100,257,308,3,170,64,192,304,178,274,151,237,310,261,308,334,17,32,18,335,301,113,350,168,228,105,195,271,265,233,365,234,319,100,266,194,344,342,123,135,320,205,52,276,64,355,273,350,249,39,311,291,311,170,229,180,76,277,329,77,345,180,299,187,368,238,0,219,247,31,207,112,354,41,128,40,73,258,241,279,240,224,16,310,87,221,67,248,356,304,297,333,345,311,272,350,363,117,56,46,222,294,235,118,148,228,54,187,344,275,296,273,60,367,187,340,256,365,200,129,350,258,272,116
Krupina,147,166,174,73,100,43,109,80,96,120,57,25,97,79,214,128,37,95,219,90,192,83,96,43,95,70,123,91,59,94,115,202,199,237,130,101,132,133,66,30,114,98,73,101,48,152,107,100,159,49,31,146,124,115,85,120,26,211,96,171,135,68,149,104,211,93,72,112,57,17,115,144,57,111,146,129,42,84,121,152,31,219,0,121,195,30,137,137,231,121,223,148,39,87,71,29,58,211,103,142,86,193,32,137,87,77,122,127,101,70,134,144,127,163,173,86,83,115,101,74,10,223,55,124,67,106,108,168,152,129,125,54,153,67,93,133,121,65,129
Turzovka,178,207,195,127,21,83,136,43,70,127,69,99,33,161,250,150,131,185,245,80,192,61,106,140,57,152,12,149,86,122,172,231,242,261,121,92,134,158,99,91,162,53,80,38,75,158,16,148,150,113,104,118,157,196,134,103,143,213,58,183,180,176,125,20,221,170,150,97,153,107,67,194,130,182,172,152,112,173,62,172,148,247,121,0,236,94,135,164,238,119,270,179,123,35,99,102,62,247,108,160,38,191,108,175,169,149,131,161,114,85,155,182,130,196,204,37,110,12,159,156,116,276,86,173,95,78,41,186,168,65,146,86,157,65,164,164,12,95,131
Sečovce,342,30,47,268,222,185,303,205,267,109,224,185,241,271,19,86,232,282,32,157,73,178,283,153,258,126,227,286,240,286,310,23,6,49,316,282,104,328,149,207,83,183,251,250,214,344,222,296,99,243,172,326,319,93,114,301,179,70,259,62,331,246,331,236,57,286,266,292,143,206,171,50,253,303,64,323,158,273,179,346,212,31,195,236,0,186,105,332,67,118,33,57,234,226,259,218,206,17,290,76,207,77,225,332,278,272,313,322,290,252,328,339,107,40,33,208,273,224,94,122,205,41,168,319,254,279,258,55,346,180,318,235,344,184,103,328,246,252,106
Sliač,159,156,159,85,73,13,117,52,86,98,41,5,75,101,204,110,59,121,206,61,172,52,97,49,80,69,94,106,54,100,132,189,190,224,130,97,110,143,42,20,103,67,66,81,30,157,80,114,136,60,14,142,135,117,71,116,49,193,81,153,150,98,147,79,194,115,93,108,64,26,85,136,74,132,131,138,29,109,91,161,61,207,30,94,186,0,115,147,214,97,217,134,57,62,72,34,33,201,103,124,57,173,43,150,110,96,126,139,104,66,142,158,105,151,160,58,87,87,93,74,31,218,26,140,68,97,89,152,160,99,133,49,158,36,89,144,97,65,107
Spišská Belá,272,79,61,199,124,107,228,112,178,18,141,117,146,215,117,27,173,233,110,62,60,84,203,110,167,94,124,221,162,211,247,96,111,126,232,197,5,254,72,134,58,83,169,155,133,265,122,228,21,174,106,238,248,108,60,215,136,81,169,48,265,204,244,138,87,229,207,207,112,141,67,76,189,247,43,249,95,222,74,272,165,112,137,135,105,115,0,259,105,18,139,51,171,132,181,149,121,114,209,29,111,60,158,264,224,211,234,252,211,171,253,271,10,66,72,113,197,122,67,95,144,147,89,254,177,190,163,52,270,74,243,157,265,95,85,256,146,175,8
Svätý Jur,14,302,307,64,155,152,30,154,94,244,119,147,132,76,351,258,102,87,354,198,319,179,59,181,106,208,174,50,97,47,40,337,336,372,49,71,255,5,189,127,249,187,92,126,125,25,163,38,280,88,160,66,13,251,219,63,158,339,105,300,25,115,62,145,342,66,73,67,193,125,209,281,80,59,279,11,174,83,210,15,130,354,137,164,332,147,259,0,362,241,361,281,98,139,77,114,139,348,55,272,158,319,106,16,74,66,32,12,50,88,9,21,250,298,308,157,62,169,238,212,127,360,170,29,82,86,122,299,16,217,17,101,28,164,230,6,154,84,252
Medzilaborce,374,77,57,300,230,209,331,218,284,119,245,215,252,310,56,104,269,325,37,168,45,190,308,194,273,169,227,320,265,314,346,44,71,36,338,303,108,357,172,235,119,189,273,261,237,369,226,328,88,274,203,344,350,150,146,321,222,25,275,61,365,291,350,243,19,325,304,312,188,238,171,99,287,342,85,352,189,314,176,375,254,41,231,238,67,214,105,362,0,123,81,84,269,238,285,249,226,56,313,89,217,46,257,365,318,309,338,353,315,276,356,372,113,72,64,219,300,226,134,166,239,95,191,354,280,296,269,63,374,174,346,261,369,201,148,358,250,278,111
Vysoké Tatry,253,90,76,181,107,89,210,94,160,10,122,99,129,198,131,33,156,217,126,44,79,66,185,97,149,84,109,203,143,193,229,111,124,142,214,179,15,236,55,116,57,66,151,137,115,246,105,210,39,157,89,220,230,106,50,197,122,100,151,65,246,188,226,121,105,212,190,189,100,123,52,82,171,229,54,230,79,205,61,253,150,128,121,119,118,97,18,241,123,0,152,61,154,114,163,131,102,128,190,41,94,79,140,246,207,194,215,233,193,153,234,253,11,78,86,95,179,106,63,86,127,159,71,236,158,172,145,67,252,62,225,139,246,77,79,238,129,156,12
Velké Kapušany,371,63,79,296,256,216,332,238,299,142,255,216,274,297,26,120,260,306,44,190,101,211,314,180,290,153,260,314,271,316,337,47,27,49,347,313,138,357,181,237,114,217,282,283,245,374,255,324,131,272,202,358,348,114,146,333,205,92,291,94,358,270,363,269,78,312,293,324,169,235,205,80,281,329,97,352,188,298,212,375,237,40,223,270,33,217,139,361,81,152,0,90,262,259,289,248,238,28,320,110,240,104,254,360,304,300,343,351,321,283,357,367,141,73,66,241,303,257,124,149,233,14,200,347,284,311,291,87,375,213,348,266,374,217,130,356,280,282,140
Gelnica,293,28,27,218,165,131,252,148,211,51,169,134,184,226,72,29,185,240,72,99,54,121,230,109,202,84,170,238,187,235,263,55,63,90,262,227,49,277,94,155,34,126,197,193,160,291,164,247,53,193,121,271,269,73,62,246,137,68,203,30,282,206,276,178,65,241,220,238,103,156,114,28,204,258,7,272,107,230,122,295,169,73,148,179,57,134,51,281,84,61,90,0,186,169,206,167,151,69,236,21,150,57,175,283,234,225,260,272,237,198,276,290,51,17,27,151,221,166,49,82,156,97,113,272,201,223,201,23,294,124,267,182,292,128,64,278,189,199,50
Tlmače,108,205,212,34,104,66,72,90,76,154,54,54,92,45,253,165,8,66,257,117,228,104,64,82,80,109,128,52,40,58,77,241,238,276,97,73,166,94,99,40,153,117,52,93,51,114,113,61,193,15,66,115,85,153,123,89,60,248,80,208,96,53,117,103,249,58,36,82,95,30,137,183,18,75,184,91,79,53,142,113,37,258,39,123,234,57,171,98,269,154,262,186,0,88,41,24,67,250,70,179,96,229,15,98,53,40,86,88,67,48,95,105,162,202,212,95,48,121,140,113,29,261,83,85,40,83,97,206,113,150,87,38,115,87,132,93,120,39,163
Rajec,153,196,189,95,17,53,110,20,48,121,34,67,15,127,242,141,95,151,239,70,193,48,80,111,35,127,41,117,52,94,142,224,231,256,103,69,130,133,79,56,146,50,49,23,39,138,26,118,151,78,75,106,131,173,116,85,110,214,37,179,152,141,112,16,220,136,116,77,125,72,72,180,96,150,164,128,85,138,71,149,113,241,87,35,226,62,132,139,238,114,259,169,88,0,67,66,29,239,84,153,20,192,73,149,135,116,109,135,89,54,131,156,125,187,196,19,81,34,140,132,81,263,62,144,63,59,32,181,146,77,121,51,138,42,143,138,34,62,127
Topoľčany,90,228,231,28,85,75,47,79,38,166,41,73,65,64,277,181,49,88,278,121,241,102,25,113,45,138,107,50,19,29,74,262,263,297,59,32,177,72,112,51,175,111,18,63,48,85,94,51,202,25,86,75,67,185,144,49,96,262,45,224,86,90,78,78,265,71,53,41,127,55,133,208,37,83,203,67,101,76,135,90,79,279,71,99,259,72,181,77,285,163,289,206,41,67,0,42,61,274,32,195,83,242,38,84,71,51,54,70,31,13,71,91,173,223,233,82,15,101,165,143,60,290,93,77,4,42,64,223,88,142,61,24,85,87,160,75,92,7,174
Žarnovica,125,188,193,50,82,43,84,66,67,132,33,33,74,69,237,145,30,91,240,93,207,79,67,71,67,96,106,72,29,68,98,223,222,258,102,72,144,109,77,16,135,92,43,76,27,125,91,79,170,25,46,117,101,143,105,90,56,227,68,187,116,74,120,83,229,82,59,82,85,13,113,168,40,98,165,104,60,78,117,128,47,240,29,102,218,34,149,114,249,131,248,167,24,66,42,0,43,234,74,159,72,208,8,116,77,63,95,104,73,41,109,123,139,184,194,72,55,99,124,101,19,248,60,105,38,76,82,186,127,125,99,24,126,62,118,110,100,36,141
Turčianske Teplice,152,176,173,84,41,24,108,23,60,106,20,38,42,111,223,124,73,134,223,59,181,40,82,82,52,99,64,107,42,91,133,206,211,240,112,77,117,134,56,30,124,50,48,49,16,144,49,111,141,62,45,120,129,146,93,95,81,202,53,165,147,118,125,46,206,122,100,87,96,45,72,158,80,137,146,128,57,121,75,151,86,224,58,62,206,33,121,139,226,102,238,151,67,29,61,43,0,220,87,137,29,181,51,145,119,102,112,132,90,50,132,153,112,168,178,28,77,57,116,104,54,241,38,138,57,72,57,165,149,83,122,38,144,25,117,137,64,55,114
Buďkovce,358,45,53,283,234,199,318,218,281,119,238,201,254,288,3,98,249,299,19,169,73,190,298,169,271,142,237,302,255,302,326,19,16,32,331,297,114,343,163,222,98,194,266,263,228,359,233,312,105,259,188,340,335,110,129,316,196,65,273,67,347,263,346,248,51,302,283,307,160,222,181,67,269,320,75,339,173,290,188,362,228,16,211,247,17,201,114,348,56,128,28,69,250,239,274,234,220,0,305,87,219,76,241,348,295,289,328,338,305,267,343,355,117,52,43,221,288,235,110,139,221,40,183,336,269,293,271,62,361,189,334,250,359,197,120,343,258,267,116
Vrbové,69,260,260,43,99,105,29,100,38,194,68,105,76,77,308,211,78,100,309,147,269,126,6,146,51,171,119,53,49,20,69,292,294,327,27,16,205,50,142,83,207,133,39,70,76,56,107,46,229,55,118,44,49,217,175,20,128,290,50,252,72,111,46,89,294,78,68,16,160,87,155,240,60,84,233,44,132,90,155,65,108,310,103,108,290,103,209,55,313,190,320,236,70,84,32,74,87,305,0,225,103,269,70,67,82,63,25,53,7,37,47,74,200,254,263,102,22,113,196,175,92,322,123,67,36,31,67,252,62,162,37,54,56,113,192,56,99,38,202
Spišské Podhradie,284,49,36,210,148,119,242,132,197,33,156,125,168,221,89,14,180,237,86,83,50,104,219,108,187,86,150,231,176,225,256,70,82,103,249,215,28,267,83,145,39,107,185,177,148,280,146,239,33,185,113,257,260,87,57,233,135,69,188,28,275,205,263,161,70,236,214,225,105,149,94,48,198,253,13,262,100,226,102,285,167,87,142,160,76,124,29,272,89,41,110,21,179,153,195,159,137,87,225,0,133,52,167,275,229,219,249,263,226,187,266,282,30,36,44,135,211,147,52,85,150,117,102,264,190,209,185,27,284,103,257,171,280,113,70,269,171,188,30
Vrútky,171,177,169,109,17,45,128,5,68,100,44,63,35,138,222,121,102,162,219,50,172,28,99,102,56,114,37,132,65,111,157,204,212,236,123,89,109,152,62,59,128,29,66,43,44,158,22,134,130,89,67,127,149,159,99,106,107,193,58,159,169,147,133,29,199,149,127,98,115,74,52,162,107,163,144,146,74,149,51,168,115,221,86,38,207,57,111,158,217,94,240,150,96,20,83,72,29,219,103,133,0,171,80,166,146,128,128,153,107,70,150,174,105,167,176,1,98,29,124,119,83,244,49,161,79,80,51,161,166,59,140,63,158,27,128,157,43,77,106
Zborov,332,67,35,258,183,167,289,172,239,75,201,175,206,272,78,65,230,288,64,123,3,144,264,160,228,137,180,280,222,271,306,57,83,74,293,258,64,314,131,193,89,143,230,215,194,325,180,287,41,233,163,298,308,131,109,276,187,21,229,27,324,257,304,197,31,286,265,268,157,198,124,82,247,304,53,309,151,277,129,332,218,67,193,191,77,173,60,319,46,79,104,57,229,192,242,208,181,76,269,52,171,0,216,324,280,269,294,311,272,232,313,331,69,54,52,173,257,179,103,136,201,116,149,313,237,251,223,34,330,127,303,218,325,156,120,316,203,235,67
Nová Baňa,117,195,201,42,89,51,78,74,68,141,39,41,79,60,244,153,22,82,247,102,215,88,63,76,69,102,113,63,30,62,89,230,229,265,98,70,153,102,85,24,143,101,44,81,35,119,98,71,179,18,54,114,94,147,112,88,58,235,70,196,107,67,117,89,237,73,50,80,89,18,122,174,31,89,173,98,68,69,126,121,44,248,32,108,225,43,158,106,257,140,254,175,15,73,38,8,51,241,70,167,80,216,0,108,69,54,90,97,68,40,102,115,148,191,201,80,50,106,131,106,22,254,69,97,35,76,86,194,120,134,93,26,120,71,124,102,106,33,150
Dunajská Lužná,12,303,309,65,165,157,39,163,105,248,125,149,142,68,351,261,100,75,355,204,323,186,69,180,118,207,186,46,103,55,28,338,336,374,65,83,260,21,192,130,251,195,100,137,131,41,174,36,285,90,162,83,17,249,220,77,155,343,117,304,8,106,79,156,345,56,68,81,192,127,217,281,79,46,281,25,176,73,218,25,125,356,137,175,332,150,264,16,365,246,360,283,98,149,84,116,145,348,67,275,166,324,108,0,65,61,47,13,60,96,25,7,255,300,310,165,68,180,238,211,127,359,175,16,88,99,135,302,29,226,31,107,44,171,230,12,166,90,256
Nesvady,77,250,261,43,152,120,63,141,108,206,102,107,135,8,298,215,50,18,304,171,279,157,78,125,116,152,176,29,83,61,36,287,281,322,99,94,219,73,151,93,199,169,89,134,102,98,161,41,245,57,117,121,61,190,172,102,98,298,116,258,59,41,120,148,298,8,19,99,135,83,191,228,39,24,233,73,129,9,194,88,66,304,87,169,278,110,224,74,318,207,304,234,53,135,71,77,119,295,82,229,146,280,69,65,0,20,81,62,74,84,76,69,214,249,259,146,65,169,186,156,80,301,136,48,74,108,135,255,90,202,72,83,100,140,175,67,163,74,216
Komjatice,73,244,252,23,133,106,48,123,88,194,84,94,116,14,292,205,40,37,296,156,268,141,59,119,96,146,157,16,64,43,37,280,276,315,83,74,207,64,139,78,192,153,69,114,85,87,142,29,233,39,106,104,53,187,163,83,94,288,96,248,58,51,104,129,289,20,7,80,130,70,174,222,22,35,224,62,119,26,177,81,64,297,77,149,272,96,211,66,309,194,300,225,40,116,51,63,102,289,63,219,128,269,54,61,20,0,66,54,56,64,66,67,202,241,251,128,45,150,179,150,69,298,123,47,54,89,115,245,82,185,60,65,89,124,169,60,143,54,204
Smolenice,46,283,284,53,124,129,18,126,62,219,92,127,100,80,331,235,92,98,332,172,294,151,30,166,75,192,143,52,73,28,58,316,317,351,19,39,230,27,166,105,230,158,64,94,101,31,132,41,254,72,140,40,31,237,198,30,146,315,74,277,54,117,38,113,318,76,73,34,179,108,180,262,71,76,257,21,155,90,180,40,122,333,122,131,313,126,234,32,338,215,343,260,86,109,54,95,112,328,25,249,128,294,90,47,81,66,0,34,22,62,23,53,225,277,287,127,39,138,219,196,112,343,147,52,58,53,90,277,37,187,16,77,31,138,213,34,121,61,227
Veľký Biel,20,293,298,54,151,144,25,149,91,236,112,138,129,63,341,249,91,74,344,191,311,173,55,170,104,197,172,38,90,41,28,328,326,363,53,69,247,12,180,118,240,181,87,123,118,37,160,26,273,79,151,73,4,240,209,65,147,331,103,292,19,102,69,142,334,54,61,67,182,116,204,271,69,48,270,14,165,71,205,27,118,345,127,161,322,139,252,12,353,233,351,272,88,135,70,104,132,338,53,263,153,311,97,13,62,54,34,0,47,82,16,21,242,289,299,152,55,166,228,201,117,350,162,19,75,85,121,291,28,212,18,94,39,158,220,6,152,77,244
Rakovice,64,260,262,37,105,106,21,104,44,196,70,105,82,70,308,212,74,92,310,150,272,130,8,144,57,170,125,45,50,13,61,293,295,328,30,23,208,44,143,83,207,137,42,76,78,53,113,38,232,52,118,49,43,216,176,27,126,293,56,254,65,105,50,95,296,71,62,24,158,86,159,240,55,76,234,38,132,82,159,61,104,311,101,114,290,104,211,50,315,193,321,237,67,89,31,73,90,305,7,226,107,272,68,60,74,56,22,47,0,39,42,68,203,255,264,106,18,119,197,174,90,321,124,60,36,39,74,254,58,166,32,55,54,116,191,49,105,38,204
Kostolné,102,222,222,41,71,67,58,66,28,157,30,68,52,76,270,173,56,101,271,110,232,90,31,111,33,135,94,63,12,41,87,254,257,289,64,31,168,83,104,46,169,98,5,50,38,93,80,64,192,33,80,76,79,182,137,50,97,253,33,215,99,99,80,65,256,84,65,41,125,53,121,202,48,96,195,77,95,89,122,100,84,272,70,85,252,66,171,88,276,153,283,198,48,54,13,41,50,267,37,187,70,232,40,96,84,64,62,82,39,0,81,103,163,216,225,69,27,87,159,139,60,284,85,90,10,36,52,214,98,129,71,17,93,76,155,86,79,10,165
Limbach,23,298,301,61,147,147,24,147,85,237,112,142,123,77,346,252,100,90,349,192,313,172,51,177,98,204,166,50,91,41,44,332,332,367,39,62,249,4,183,121,245,179,85,117,119,21,155,37,273,84,155,57,15,248,214,54,155,333,97,295,33,116,53,137,336,69,73,58,190,121,202,277,78,64,273,4,170,86,202,19,128,350,134,155,328,142,253,9,356,234,357,276,95,131,71,109,132,343,47,266,150,313,102,25,76,66,23,16,42,81,0,30,244,293,303,149,55,161,233,209,123,357,164,35,76,77,114,294,17,209,9,95,23,158,226,13,145,78,246
Rusovce,11,310,317,72,172,164,46,170,112,255,133,157,150,73,358,268,107,78,362,212,330,193,76,186,125,214,193,53,111,62,32,345,343,381,70,90,267,26,200,137,258,202,108,144,138,43,181,43,292,97,169,87,25,255,228,84,162,351,124,311,10,111,83,163,352,61,74,87,198,134,225,288,86,49,288,31,183,78,226,26,131,363,144,182,339,158,271,21,372,253,367,290,105,156,91,123,153,355,74,282,174,331,115,7,69,67,53,21,68,103,30,0,262,307,317,173,76,187,245,218,134,366,182,20,96,105,142,309,30,233,37,114,46,178,236,18,173,98,264
Veľká Lomnica,262,79,65,190,118,98,220,105,171,7,132,107,140,206,120,23,163,223,115,54,68,76,195,100,160,84,120,212,153,202,238,100,113,131,224,189,4,245,62,124,51,78,160,148,125,256,116,219,31,165,96,231,239,101,51,208,126,89,161,54,255,194,236,132,94,220,198,199,102,131,63,74,179,237,44,240,85,212,71,263,155,117,127,130,107,105,10,250,113,11,141,51,162,125,173,139,112,117,200,30,105,69,148,255,214,202,225,242,203,163,244,262,0,67,75,106,188,117,60,85,134,148,80,245,168,183,156,56,261,73,234,148,256,87,76,247,141,166,1
Kysak,309,14,19,234,183,148,268,166,229,68,186,151,202,242,54,46,201,254,55,117,51,139,247,124,219,97,187,254,204,252,279,38,46,74,279,245,64,294,112,172,49,143,214,211,177,308,182,263,62,210,138,289,286,79,79,264,151,60,221,30,299,220,294,196,54,256,236,255,116,173,131,28,221,274,23,289,123,245,139,312,184,56,163,196,40,151,66,298,72,78,73,17,202,187,223,184,168,52,254,36,167,54,191,300,249,241,277,289,255,216,293,307,67,0,9,169,238,183,63,95,172,81,131,288,218,241,219,21,311,140,284,199,309,145,76,294,206,216,66
Lemešany,319,15,17,244,191,158,278,175,238,77,196,160,211,251,45,55,211,264,45,126,48,147,257,133,229,107,195,264,214,261,288,28,39,64,289,255,72,303,121,181,59,151,224,220,187,318,190,273,67,219,148,298,296,86,89,274,161,54,230,31,308,229,303,205,46,266,246,265,126,183,138,35,230,283,32,299,133,254,146,322,193,46,173,204,33,160,72,308,64,86,66,27,212,196,233,194,178,43,263,44,176,52,201,310,259,251,287,299,264,225,303,317,75,9,0,178,248,192,72,104,182,74,141,297,228,250,228,23,321,147,293,209,318,155,86,304,215,226,74
Valča,170,178,171,108,16,46,127,6,67,102,43,63,33,138,224,122,102,161,221,52,173,30,98,103,55,115,36,131,64,110,156,205,214,237,122,88,110,151,64,59,130,31,65,42,44,157,21,133,131,89,67,125,148,160,100,104,107,194,56,160,168,147,131,27,200,148,127,96,116,74,53,163,107,163,145,145,75,148,53,167,115,222,86,37,208,58,113,157,219,95,241,151,95,19,82,72,28,221,102,135,1,173,80,165,146,128,127,152,106,69,149,173,106,169,178,0,97,28,125,120,83,246,50,160,78,78,50,162,165,60,139,62,157,28,129,155,42,76,108
Radošina,75,243,246,22,98,91,31,94,44,182,57,87,77,59,291,197,56,83,293,136,257,117,15,126,54,152,120,39,35,14,61,277,277,312,48,29,193,56,127,66,190,126,32,73,63,70,106,37,218,34,100,66,51,198,159,42,107,278,54,239,71,90,68,90,281,63,49,36,140,68,148,223,38,72,218,51,115,71,149,74,86,294,83,110,273,87,197,62,300,179,303,221,48,81,15,55,77,288,22,211,98,257,50,68,65,45,39,55,18,27,55,76,188,238,248,97,0,113,179,156,72,304,109,63,20,43,73,238,73,157,45,39,71,102,173,59,103,22,190
Dunajov,183,194,182,128,16,75,141,35,75,115,67,92,37,161,237,137,128,185,232,67,180,49,111,131,62,141,7,151,86,126,175,218,229,248,129,98,121,163,87,86,149,40,82,44,71,165,7,151,138,112,96,127,162,185,122,111,136,201,63,170,184,173,134,24,208,170,150,104,144,102,55,182,130,183,160,158,103,172,50,178,143,235,115,12,224,87,122,169,226,106,257,166,121,34,101,99,57,235,113,147,29,179,106,180,169,150,138,166,119,87,161,187,117,183,192,28,113,0,147,146,111,263,76,177,97,85,49,174,175,54,151,85,165,55,153,169,23,96,118
Plešivec,248,64,76,173,141,93,209,121,176,54,132,92,155,179,113,42,139,191,117,80,101,97,190,60,168,35,152,192,147,192,216,100,98,136,223,190,62,233,61,113,14,107,159,164,121,250,143,202,82,149,78,235,225,42,24,209,88,117,170,77,237,157,239,153,114,193,173,200,54,112,104,43,159,211,50,229,64,182,114,252,121,118,101,159,94,93,67,238,134,63,124,49,140,140,165,124,116,110,196,52,124,103,131,238,186,179,219,228,197,159,233,245,60,63,72,125,179,147,0,33,111,125,78,226,160,188,172,72,251,118,224,142,250,98,17,233,166,158,61
Rimavská Seč,222,95,109,148,136,79,184,115,161,78,116,72,146,149,141,73,111,160,148,86,134,97,169,31,155,4,152,165,127,168,188,132,125,167,203,171,89,208,58,93,47,110,140,153,105,226,140,175,112,124,60,216,199,42,35,190,57,150,156,110,209,125,220,146,147,163,144,181,21,88,114,71,132,181,83,204,46,151,123,227,89,148,74,156,122,74,95,212,166,86,149,82,113,132,143,101,104,139,175,85,119,136,106,211,156,150,196,201,174,139,209,218,85,95,104,120,156,146,33,0,85,148,70,198,139,172,161,105,226,130,200,122,227,91,18,207,162,137,87
Hontianske Nemce,137,176,183,63,95,44,99,77,87,126,50,28,90,71,224,136,29,90,228,93,199,83,85,54,86,80,119,81,49,84,106,211,209,246,120,91,139,123,71,25,123,98,63,94,41,141,104,91,165,39,37,136,114,125,94,109,36,219,87,179,126,66,139,98,220,85,64,101,67,9,117,154,48,103,155,119,50,78,122,142,32,228,10,116,205,31,144,127,239,127,233,156,29,81,60,19,54,221,92,150,83,201,22,127,80,69,112,117,90,60,123,134,134,172,182,83,72,111,111,85,0,233,58,115,57,96,100,176,141,130,114,44,142,67,103,122,116,55,136
Čierna nad Tisou,370,68,89,296,261,218,332,242,301,149,257,216,278,295,39,126,259,303,58,195,113,216,315,179,293,152,267,313,272,316,335,59,35,63,348,315,145,356,185,238,117,222,284,287,247,374,261,323,141,272,203,360,347,111,148,334,203,106,294,104,356,266,365,274,92,309,292,326,167,236,211,82,280,326,104,352,189,295,220,375,235,54,223,276,41,218,147,360,95,159,14,97,261,263,290,248,241,40,322,117,244,116,254,359,301,298,343,350,321,284,357,366,148,81,74,246,304,263,125,148,233,0,203,345,285,313,295,97,375,221,348,267,375,220,130,355,285,283,147
Brusno,183,138,137,110,66,18,140,44,98,73,55,30,77,128,186,88,86,148,186,35,148,31,116,55,90,65,83,132,74,123,158,169,173,204,148,114,85,165,19,44,86,47,83,85,46,178,70,138,110,85,24,157,159,111,55,133,66,169,91,130,175,123,163,76,171,141,119,124,67,53,61,120,100,158,110,160,26,135,68,183,86,187,55,86,168,26,89,170,191,71,200,113,83,62,93,60,38,183,123,102,49,149,69,175,136,123,147,162,124,85,164,182,80,131,141,50,109,76,78,70,58,203,0,165,88,110,93,129,182,76,155,69,178,21,80,167,92,86,81
Rohovce,28,291,298,55,161,147,38,157,104,238,118,138,140,52,339,250,87,58,343,196,313,178,67,166,116,194,183,33,96,51,12,326,323,362,71,83,250,31,182,120,238,188,95,135,123,55,170,26,276,79,151,91,21,235,209,81,141,333,115,293,11,90,88,153,334,40,53,82,178,115,211,269,67,30,270,33,164,57,212,41,111,344,124,173,319,140,254,29,354,236,347,272,85,144,77,105,138,336,67,264,161,313,97,16,48,47,52,19,60,90,35,20,245,288,297,160,63,177,226,198,115,345,165,0,82,99,134,291,44,220,37,99,57,163,216,22,165,83,247
Bošany,95,224,226,31,80,70,51,74,37,161,36,68,62,66,272,176,48,91,274,116,236,97,29,109,43,134,104,54,14,34,78,257,258,292,63,34,173,77,107,47,171,106,15,60,43,90,89,55,197,24,81,78,72,181,139,52,93,257,43,219,91,90,82,75,260,74,55,44,124,51,128,204,38,86,198,72,96,78,130,95,77,275,67,95,254,68,177,82,280,158,284,201,40,63,4,38,57,269,36,190,79,237,35,88,74,54,58,75,36,10,76,96,168,218,228,78,20,97,160,139,57,285,88,82,0,42,62,218,93,138,66,19,90,82,156,80,89,2,169
Chocholná,100,248,245,66,72,94,60,78,12,178,56,100,48,103,296,196,91,127,295,128,251,106,32,144,23,167,89,82,47,50,100,279,284,312,44,15,187,80,129,79,197,110,33,41,67,80,79,77,210,67,112,47,81,214,165,26,132,272,22,236,104,132,53,61,277,107,92,19,159,89,131,230,78,114,219,74,126,115,130,93,119,296,106,78,279,97,190,86,296,172,311,223,83,59,42,76,72,293,31,209,80,251,76,99,108,89,53,85,39,36,77,105,183,241,250,78,43,85,188,172,96,313,110,99,42,0,36,237,90,136,68,52,79,96,186,87,68,43,184
Jasenica,137,228,221,92,39,82,96,52,29,152,50,93,16,129,274,173,106,153,271,102,223,80,66,138,19,157,53,112,57,83,134,256,264,288,80,51,161,117,110,77,178,79,46,8,60,117,45,110,181,84,103,78,117,204,147,62,134,244,19,210,140,150,85,26,250,135,117,56,153,91,100,212,100,146,196,111,115,141,97,130,129,273,108,41,258,89,163,122,269,145,291,201,97,32,64,82,57,271,67,185,51,223,86,135,135,115,90,121,74,52,114,142,156,219,228,50,73,49,172,161,100,295,93,134,62,36,0,212,127,102,105,59,116,74,173,123,31,62,158
Brezovička,311,35,8,237,175,147,269,160,225,60,184,152,196,247,64,41,205,262,58,110,31,132,246,131,215,107,176,257,204,252,283,44,61,75,277,243,52,295,110,172,57,134,213,204,176,308,173,266,44,212,140,285,287,96,82,261,159,45,216,9,302,228,291,188,43,261,240,253,126,175,119,47,224,279,22,290,126,251,127,313,191,60,168,186,55,152,52,299,63,67,87,23,206,181,223,186,165,62,252,27,161,34,194,302,255,245,277,291,254,214,294,309,56,21,23,162,238,174,72,105,176,97,129,291,218,237,212,0,312,127,284,199,308,141,88,296,197,216,55
Lozorno,19,316,319,78,162,164,42,163,99,255,129,160,137,92,364,270,117,102,367,208,330,189,67,195,112,222,180,66,108,59,55,350,350,385,48,77,266,18,201,139,263,195,101,131,136,14,169,54,291,102,173,62,29,266,232,65,173,351,111,312,37,131,56,151,354,83,89,71,208,139,218,295,96,75,291,22,188,99,218,4,145,367,152,168,346,160,270,16,374,252,375,294,113,146,88,127,149,361,62,284,166,330,120,29,90,82,37,28,58,98,17,30,261,311,321,165,73,175,251,226,141,375,182,44,93,90,127,312,0,224,27,112,16,175,244,22,158,95,263
Oravská Polhora,230,152,135,167,63,86,187,63,125,73,102,104,88,194,192,95,155,216,184,44,128,47,158,127,112,126,53,190,124,170,216,171,186,199,180,147,75,211,75,110,116,33,125,96,100,216,57,193,87,146,101,181,208,161,97,162,142,149,114,122,228,197,187,76,157,206,184,155,136,123,15,145,164,221,117,205,100,204,8,227,161,187,129,65,180,99,74,217,174,62,213,124,150,77,142,125,83,189,162,103,59,127,134,226,202,185,187,212,166,129,209,233,73,140,147,60,157,54,118,130,130,221,76,220,138,136,102,127,224,0,199,121,215,63,130,216,77,136,73
Vištuk,31,288,292,52,137,137,15,137,76,228,102,133,114,72,337,242,92,87,339,182,303,162,41,169,89,195,157,44,81,32,44,322,322,357,34,53,239,12,173,112,235,169,75,108,109,27,145,32,264,75,146,54,15,240,204,46,147,324,88,285,38,111,51,127,327,66,67,50,182,112,192,268,70,63,264,6,160,82,192,28,121,340,125,146,318,133,243,17,346,225,348,267,87,121,61,99,122,334,37,257,140,303,93,31,72,60,16,18,32,71,9,37,234,284,293,139,45,151,224,200,114,348,155,37,66,68,105,284,27,199,0,85,29,148,217,19,136,68,236
Zemianske Kostoľany,114,205,207,45,68,51,71,58,43,142,19,50,54,75,253,157,46,99,255,97,217,79,48,93,43,117,92,68,5,53,94,238,240,273,81,48,153,96,88,29,152,89,19,55,24,109,77,72,178,27,63,94,90,164,120,68,80,238,44,199,108,91,98,65,241,85,64,59,108,36,111,185,44,100,179,91,78,87,113,114,70,256,54,86,235,49,157,101,261,139,266,182,38,51,24,24,38,250,54,171,63,218,26,107,83,65,77,94,55,17,95,114,148,199,209,62,39,85,142,122,44,267,69,99,19,52,59,199,112,121,85,0,109,63,138,99,82,17,150
Veľké Leváre,35,314,316,81,152,161,43,156,90,250,124,158,128,100,362,266,120,114,364,203,325,182,61,196,103,222,169,73,104,58,67,347,348,382,36,68,261,26,197,137,261,188,95,121,132,2,159,60,285,103,171,46,38,268,230,53,175,346,101,308,52,139,40,141,350,93,96,60,210,139,210,294,99,87,288,27,186,109,209,21,150,365,153,157,344,158,265,28,369,246,374,292,115,138,85,126,144,359,56,280,158,325,120,44,100,89,31,39,54,93,23,46,256,309,318,157,71,165,250,227,142,375,178,57,90,79,116,308,16,215,29,109,0,169,244,34,146,92,258
Liptovské Revúce,177,154,149,108,44,23,134,23,84,81,45,41,58,132,200,100,92,153,199,33,156,16,107,76,73,87,62,131,67,116,157,183,189,216,136,102,92,159,36,46,103,31,73,66,39,169,49,136,116,85,42,144,154,132,73,120,84,177,75,140,172,133,149,55,181,144,122,111,89,59,50,137,102,160,123,154,48,141,55,176,98,200,67,65,184,36,95,164,201,77,217,128,87,42,87,62,25,197,113,113,27,156,71,171,140,124,138,158,116,76,158,178,87,145,155,28,102,55,98,91,67,220,21,163,82,96,74,141,175,63,148,63,169,0,101,162,70,80,89
Torňaľa,240,76,92,166,145,92,202,124,175,70,130,87,158,168,122,60,129,179,129,89,118,103,185,49,168,22,159,183,143,186,206,113,106,148,219,187,79,226,65,109,31,115,156,165,119,244,148,193,100,142,75,232,217,31,32,206,76,133,169,94,227,144,236,156,129,182,163,197,40,105,115,52,150,200,67,222,60,170,125,245,108,129,93,164,103,89,85,230,148,79,130,64,132,143,160,118,117,120,192,70,128,120,124,230,175,169,213,220,191,155,226,236,76,76,86,129,173,153,17,18,103,130,80,216,156,186,173,88,244,130,217,138,244,101,0,226,171,153,77
Chorvátsky Grob,15,298,303,60,155,149,28,153,94,241,117,143,131,69,346,254,97,80,350,196,316,177,58,176,107,203,175,44,95,45,33,333,332,368,52,72,252,9,186,123,245,185,90,126,123,32,163,32,277,84,156,71,8,246,215,65,153,336,106,297,20,108,67,145,339,60,67,68,188,121,208,277,75,52,275,13,170,77,208,21,124,350,133,164,328,144,256,6,358,238,356,278,93,138,75,110,137,343,56,269,157,316,102,12,67,60,34,6,49,86,13,18,247,294,304,155,59,169,233,207,122,355,167,22,80,87,123,296,22,216,19,99,34,162,226,0,155,82,249
Makov,168,217,206,121,26,86,127,47,60,138,67,102,27,156,261,160,128,180,256,89,204,69,97,144,48,158,24,142,81,114,164,241,252,272,110,82,144,148,106,91,170,63,73,29,74,147,24,140,162,109,108,106,148,203,142,93,145,225,49,194,171,173,113,17,232,163,144,87,158,107,79,204,126,175,183,142,117,167,74,161,147,258,121,12,246,97,146,154,250,129,280,189,120,34,92,100,64,258,99,171,43,203,106,166,163,143,121,152,105,79,145,173,141,206,215,42,103,23,166,162,116,285,92,165,89,68,31,197,158,77,136,82,146,70,171,155,0,89,142
Klátova Nová Ves,97,222,224,32,79,68,53,73,38,159,35,66,61,67,270,174,47,91,271,114,234,95,31,107,43,132,103,55,12,36,80,255,256,290,65,36,170,79,105,45,169,104,15,60,41,92,88,57,195,23,79,80,73,179,137,54,91,255,43,217,92,89,84,74,258,75,55,46,121,49,127,202,38,87,196,74,94,79,128,97,76,272,65,95,252,65,175,84,278,156,282,199,39,62,7,36,55,267,38,188,77,235,33,90,74,54,61,77,38,10,78,98,166,216,226,76,22,96,158,137,55,283,86,83,2,43,62,216,95,136,68,17,92,80,153,82,89,0,167
Holumnica,264,79,64,192,120,99,221,106,172,9,134,109,141,207,119,23,165,225,114,56,67,78,196,102,161,86,121,214,155,204,239,99,113,130,226,191,3,247,64,126,52,79,162,150,126,258,118,220,29,167,98,232,241,102,52,209,128,88,163,52,257,196,238,133,92,221,199,201,103,133,64,74,181,239,43,242,87,214,72,265,157,116,129,131,106,107,8,252,111,12,140,50,163,127,174,141,114,116,202,30,106,67,150,256,216,204,227,244,204,165,246,264,1,66,74,108,190,118,61,87,136,147,81,247,169,184,158,55,263,73,236,150,258,89,77,249,142,167,0
